{"cameraMode":{"drawMode":0,"name":"Shaded","section":"Shading Mode"},"sceneLighting":true,"audioPlay":false,"sceneViewState":{"m_AlwaysRefresh":false,"showFog":true,"showSkybox":true,"showFlares":true,"showImageEffects":true,"showParticleSystems":true,"showVisualEffectGraphs":true,"m_FxEnabled":true},"in2DMode":false,"pivot":{"x":68.48443603515625,"y":69.8486557006836,"z":138.91050720214845},"rotation":{"x":-0.01260091457515955,"y":-0.010499094612896443,"z":-0.0001338336878689006,"w":0.999868631362915},"size":107.99501037597656,"orthographic":false}