{"cameraMode":{"drawMode":0,"name":"Shaded","section":"Shading Mode"},"sceneLighting":true,"audioPlay":false,"sceneViewState":{"m_AlwaysRefresh":false,"showFog":true,"showSkybox":true,"showFlares":true,"showImageEffects":true,"showParticleSystems":true,"showVisualEffectGraphs":true,"m_FxEnabled":true},"in2DMode":false,"pivot":{"x":14.863792419433594,"y":33.44367599487305,"z":-8.168281555175782},"rotation":{"x":0.18200232088565827,"y":-0.3082676827907562,"z":0.06021532043814659,"w":0.9317888021469116},"size":31.251968383789064,"orthographic":false}