{"cameraMode":{"drawMode":0,"name":"Shaded","section":"Shading Mode"},"sceneLighting":true,"audioPlay":false,"sceneViewState":{"m_AlwaysRefresh":false,"showFog":true,"showSkybox":true,"showFlares":true,"showImageEffects":true,"showParticleSystems":true,"showVisualEffectGraphs":true,"m_FxEnabled":true},"in2DMode":false,"pivot":{"x":39.036983489990237,"y":48.61312484741211,"z":-2.4019317626953127},"rotation":{"x":0.6509729623794556,"y":0.0068307374604046349,"z":-0.005859425291419029,"w":0.7590505480766296},"size":55.44871520996094,"orthographic":true}